Date,ID,Chamber.Channel,Run,Species,Temp.Cat,Start.time,Stop.Time,Light_Dark,Organism.ID,Volume,AFDW,Blank
6/12/21,Mplan_1_20C,1,1,Mplan,20,11:37:10,12:16:13,Dark,Mplan_1,675,0.556,0
6/12/21,Mplan_1_24C,1,1,Mplan,24,13:10:08,13:42:27,Dark,Mplan_1,675,0.556,0
6/12/21,Mplan_1_28C,1,1,Mplan,28,15:05:52,15:28:21,Dark,Mplan_1,675,0.556,0
6/12/21,Mplan_1_30C,1,1,Mplan,30,15:55:24,16:12:21,Dark,Mplan_1,675,0.556,0
6/12/21,Mplan_1_32C,1,1,Mplan,32,17:38:22,17:54:35,Dark,Mplan_1,675,0.556,0
6/12/21,Mplan_1_34C,1,1,Mplan,34,18:32:56,18:45:25,Dark,Mplan_1,675,0.556,0
6/12/21,Mplan_1_36C,1,1,Mplan,36,19:57:06,20:11:37,Dark,Mplan_1,675,0.556,0
6/12/21,Mplan_2_20C,2,1,Mplan,20,11:37:12,12:16:16,Dark,Mplan_2,676,1.049,0
6/12/21,Mplan_2_24C,2,1,Mplan,24,13:11:23,13:42:27,Dark,Mplan_2,676,1.049,0
6/12/21,Mplan_2_28C,2,1,Mplan,28,15:05:55,15:28:23,Dark,Mplan_2,676,1.049,0
6/12/21,Mplan_2_30C,2,1,Mplan,30,15:55:26,16:12:21,Dark,Mplan_2,676,1.049,0
6/12/21,Mplan_2_32C,2,1,Mplan,32,17:38:26,17:54:38,Dark,Mplan_2,676,1.049,0
6/12/21,Mplan_2_34C,2,1,Mplan,34,18:32:42,18:45:36,Dark,Mplan_2,676,1.049,0
6/12/21,Mplan_2_36C,2,1,Mplan,36,19:57:09,20:11:39,Dark,Mplan_2,676,1.049,0
6/12/21,Mplan_3_20C,3,1,Mplan,20,11:37:15,12:16:18,Dark,Mplan_3,676,0.838,0
6/12/21,Mplan_3_24C,3,1,Mplan,24,13:11:27,13:42:27,Dark,Mplan_3,676,0.838,0
6/12/21,Mplan_3_28C,3,1,Mplan,28,15:05:57,15:28:25,Dark,Mplan_3,676,0.838,0
6/12/21,Mplan_3_30C,3,1,Mplan,30,15:55:28,16:12:21,Dark,Mplan_3,676,0.838,0
6/12/21,Mplan_3_32C,3,1,Mplan,32,17:38:28,17:52:38,Dark,Mplan_3,676,0.838,0
6/12/21,Mplan_3_34C,3,1,Mplan,34,18:32:07,18:45:39,Dark,Mplan_3,676,0.838,0
6/12/21,Mplan_3_36C,3,1,Mplan,36,19:57:12,20:11:41,Dark,Mplan_3,676,0.838,0
6/12/21,Mplan_4_20C,4,1,Mplan,20,11:37:18,12:16:21,Dark,Mplan_4,676,0.927,0
6/12/21,Mplan_4_24C,4,1,Mplan,24,13:11:31,13:42:27,Dark,Mplan_4,676,0.927,0
6/12/21,Mplan_4_28C,4,1,Mplan,28,15:06:00,15:28:27,Dark,Mplan_4,676,0.927,0
6/12/21,Mplan_4_30C,4,1,Mplan,30,15:55:32,16:12:21,Dark,Mplan_4,676,0.927,0
6/12/21,Mplan_4_32C,4,1,Mplan,32,17:38:40,17:54:51,Dark,Mplan_4,676,0.927,0
6/12/21,Mplan_4_34C,4,1,Mplan,34,18:32:10,18:45:41,Dark,Mplan_4,676,0.927,0
6/12/21,Mplan_4_36C,4,1,Mplan,36,19:57:15,20:11:43,Dark,Mplan_4,676,0.927,0
6/12/21,Mplan_6_20C,6,1,Mplan,20,11:37:24,12:16:27,Dark,Mplan_6,675,1.093,0
6/12/21,Mplan_6_24C,6,1,Mplan,24,13:11:53,13:42:27,Dark,Mplan_6,675,1.093,0
6/12/21,Mplan_6_28C,6,1,Mplan,28,15:06:04,15:28:31,Dark,Mplan_6,675,1.093,0
6/12/21,Mplan_6_30C,6,1,Mplan,30,15:55:35,16:12:21,Dark,Mplan_6,675,1.093,0
6/12/21,Mplan_6_32C,6,1,Mplan,32,17:38:42,17:54:56,Dark,Mplan_6,675,1.093,0
6/12/21,Mplan_6_34C,6,1,Mplan,34,18:32:15,18:45:47,Dark,Mplan_6,675,1.093,0
6/12/21,Mplan_6_36C,6,1,Mplan,36,19:57:21,20:11:47,Dark,Mplan_6,675,1.093,0
6/12/21,Mplan_7_20C,7,1,Mplan,20,11:37:28,12:16:29,Dark,Mplan_7,671,0.81,0
6/12/21,Mplan_7_24C,7,1,Mplan,24,13:11:59,13:42:27,Dark,Mplan_7,671,0.81,0
6/12/21,Mplan_7_28C,7,1,Mplan,28,15:06:07,15:28:34,Dark,Mplan_7,671,0.81,0
6/12/21,Mplan_7_30C,7,1,Mplan,30,15:55:37,16:12:21,Dark,Mplan_7,671,0.81,0
6/12/21,Mplan_7_32C,7,1,Mplan,32,17:38:44,17:54:59,Dark,Mplan_7,671,0.81,0
6/12/21,Mplan_7_34C,7,1,Mplan,34,18:32:18,18:45:50,Dark,Mplan_7,671,0.81,0
6/12/21,Mplan_7_36C,7,1,Mplan,36,19:57:25,20:11:49,Dark,Mplan_7,671,0.81,0
6/12/21,Mplan_8_20C,8,1,Mplan,20,11:37:31,12:16:33,Dark,Mplan_8,676,0.64,0
6/12/21,Mplan_8_24C,8,1,Mplan,24,13:12:04,13:42:27,Dark,Mplan_8,676,0.64,0
6/12/21,Mplan_8_28C,8,1,Mplan,28,15:06:10,15:28:36,Dark,Mplan_8,676,0.64,0
6/12/21,Mplan_8_30C,8,1,Mplan,30,15:57:32,16:12:21,Dark,Mplan_8,676,0.64,0
6/12/21,Mplan_8_32C,8,1,Mplan,32,17:38:47,17:55:01,Dark,Mplan_8,676,0.64,0
6/12/21,Mplan_8_34C,8,1,Mplan,34,18:32:21,18:45:53,Dark,Mplan_8,676,0.64,0
6/12/21,Mplan_8_36C,8,1,Mplan,36,19:57:50,20:11:51,Dark,Mplan_8,676,0.64,0
6/12/21,Mplan_9_20C,9,1,Mplan,20,11:37:34,12:16:36,Dark,Mplan_9,670,1.063,0
6/12/21,Mplan_9_24C,9,1,Mplan,24,13:12:11,13:42:27,Dark,Mplan_9,670,1.063,0
6/12/21,Mplan_9_28C,9,1,Mplan,28,15:06:13,15:28:38,Dark,Mplan_9,670,1.063,0
6/12/21,Mplan_9_30C,9,1,Mplan,30,15:57:15,16:12:21,Dark,Mplan_9,670,1.063,0
6/12/21,Mplan_9_32C,9,1,Mplan,32,17:38:50,17:55:04,Dark,Mplan_9,670,1.063,0
6/12/21,Mplan_9_34C,9,1,Mplan,34,18:32:24,18:45:56,Dark,Mplan_9,670,1.063,0
6/12/21,Mplan_9_36C,9,1,Mplan,36,19:57:32,20:11:54,Dark,Mplan_9,670,1.063,0
6/12/21,Mplan_10_20C,10,1,Mplan,20,11:37:38,12:16:40,Dark,Mplan_10,677,0.538,0
6/12/21,Mplan_10_24C,10,1,Mplan,24,13:12:18,13:42:27,Dark,Mplan_10,677,0.538,0
6/12/21,Mplan_10_28C,10,1,Mplan,28,15:06:15,15:28:40,Dark,Mplan_10,677,0.538,0
6/12/21,Mplan_10_30C,10,1,Mplan,30,15:55:44,16:12:21,Dark,Mplan_10,677,0.538,0
6/12/21,Mplan_10_32C,10,1,Mplan,32,17:38:53,17:55:07,Dark,Mplan_10,677,0.538,0
6/12/21,Mplan_10_34C,10,1,Mplan,34,18:32:27,18:46:00,Dark,Mplan_10,677,0.538,0
6/12/21,Mplan_10_36C,10,1,Mplan,36,19:57:35,20:11:57,Dark,Mplan_10,677,0.538,0
6/12/21,MplanBk_5_20C,5,1,Mplan,20,11:37:21,12:16:24,Dark,MplanBk_5,680,0,1
6/12/21,MplanBk_5_24C,5,1,Mplan,24,13:11:45,13:42:27,Dark,MplanBk_5,680,0,1
6/12/21,MplanBk_5_28C,5,1,Mplan,28,15:06:02,15:28:29,Dark,MplanBk_5,680,0,1
6/12/21,MplanBk_5_30C,5,1,Mplan,30,15:55:33,16:12:21,Dark,MplanBk_5,680,0,1
6/12/21,MplanBk_5_32C,5,1,Mplan,32,17:38:39,17:54:54,Dark,MplanBk_5,680,0,1
6/12/21,MplanBk_5_34C,5,1,Mplan,34,18:32:12,18:45:45,Dark,MplanBk_5,680,0,1
6/12/21,MplanBk_5_36C,5,1,Mplan,36,19:57:18,20:11:45,Dark,MplanBk_5,680,0,1
6/13/21,Pdarw_1_24C,1,2,Pdarw,24,11:31:33,12:57:48,Dark,Pdarw_1,671,0.709,0
6/13/21,Pdarw_1_28C,1,2,Pdarw,28,13:46:19,14:09:38,Dark,Pdarw_1,671,0.709,0
6/13/21,Pdarw_1_30C,1,2,Pdarw,30,14:41:35,14:58:23,Dark,Pdarw_1,671,0.709,0
6/13/21,Pdarw_1_32C,1,2,Pdarw,32,15:37:50,15:48:04,Dark,Pdarw_1,671,0.709,0
6/13/21,Pdarw_1_34C,1,2,Pdarw,34,16:56:12,17:13:07,Dark,Pdarw_1,671,0.709,0
6/13/21,Pdarw_1_36C,1,2,Pdarw,36,17:47:38,18:03:45,Dark,Pdarw_1,671,0.709,0
6/13/21,Pdarw_2_20C,2,2,Pdarw,20,10:28:03,11:06:32,Dark,Pdarw_2,670,1.011,0
6/13/21,Pdarw_2_24C,2,2,Pdarw,24,12:22:00,12:57:50,Dark,Pdarw_2,670,1.011,0
6/13/21,Pdarw_2_28C,2,2,Pdarw,28,13:45:57,14:09:44,Dark,Pdarw_2,670,1.011,0
6/13/21,Pdarw_2_30C,2,2,Pdarw,30,14:41:37,14:58:27,Dark,Pdarw_2,670,1.011,0
6/13/21,Pdarw_2_32C,2,2,Pdarw,32,15:33:32,15:48:19,Dark,Pdarw_2,670,1.011,0
6/13/21,Pdarw_2_34C,2,2,Pdarw,34,16:56:15,17:13:09,Dark,Pdarw_2,670,1.011,0
6/13/21,Pdarw_2_36C,2,2,Pdarw,36,17:47:40,18:03:50,Dark,Pdarw_2,670,1.011,0
6/13/21,Pdarw_3_20C,3,2,Pdarw,20,10:28:06,11:06:35,Dark,Pdarw_3,671,0.723,0
6/13/21,Pdarw_3_24C,3,2,Pdarw,24,12:22:03,12:57:53,Dark,Pdarw_3,671,0.723,0
6/13/21,Pdarw_3_28C,3,2,Pdarw,28,13:45:59,14:09:59,Dark,Pdarw_3,671,0.723,0
6/13/21,Pdarw_3_30C,3,2,Pdarw,30,14:41:39,14:58:29,Dark,Pdarw_3,671,0.723,0
6/13/21,Pdarw_3_32C,3,2,Pdarw,32,15:33:52,15:48:23,Dark,Pdarw_3,671,0.723,0
6/13/21,Pdarw_3_34C,3,2,Pdarw,34,16:56:19,17:13:11,Dark,Pdarw_3,671,0.723,0
6/13/21,Pdarw_3_36C,3,2,Pdarw,36,17:47:42,18:03:51,Dark,Pdarw_3,671,0.723,0
6/13/21,Pdarw_4_20C,4,2,Pdarw,20,10:28:08,11:06:38,Dark,Pdarw_4,670,1.062,0
6/13/21,Pdarw_4_24C,4,2,Pdarw,24,12:22:06,12:57:55,Dark,Pdarw_4,670,1.062,0
6/13/21,Pdarw_4_28C,4,2,Pdarw,28,13:46:02,14:10:02,Dark,Pdarw_4,670,1.062,0
6/13/21,Pdarw_4_30C,4,2,Pdarw,30,14:41:45,14:58:32,Dark,Pdarw_4,670,1.062,0
6/13/21,Pdarw_4_32C,4,2,Pdarw,32,15:33:55,15:48:25,Dark,Pdarw_4,670,1.062,0
6/13/21,Pdarw_4_34C,4,2,Pdarw,34,16:56:22,17:13:13,Dark,Pdarw_4,670,1.062,0
6/13/21,Pdarw_4_36C,4,2,Pdarw,36,17:47:44,18:03:54,Dark,Pdarw_4,670,1.062,0
6/13/21,Pdarw_5_20C,5,2,Pdarw,20,10:28:10,11:06:41,Dark,Pdarw_5,670,1.011,0
6/13/21,Pdarw_5_24C,5,2,Pdarw,24,12:22:09,12:57:58,Dark,Pdarw_5,670,1.011,0
6/13/21,Pdarw_5_28C,5,2,Pdarw,28,13:46:04,14:10:05,Dark,Pdarw_5,670,1.011,0
6/13/21,Pdarw_5_30C,5,2,Pdarw,30,14:41:44,14:58:34,Dark,Pdarw_5,670,1.011,0
6/13/21,Pdarw_5_32C,5,2,Pdarw,32,15:33:59,15:48:28,Dark,Pdarw_5,670,1.011,0
6/13/21,Pdarw_5_34C,5,2,Pdarw,34,16:56:26,17:13:15,Dark,Pdarw_5,670,1.011,0
6/13/21,Pdarw_5_36C,5,2,Pdarw,36,17:47:47,18:03:58,Dark,Pdarw_5,670,1.011,0
6/13/21,Pdarw_6_20C,6,2,Pdarw,20,10:28:12,11:06:43,Dark,Pdarw_6,671,1.006,0
6/13/21,Pdarw_6_24C,6,2,Pdarw,24,12:22:11,12:58:00,Dark,Pdarw_6,671,1.006,0
6/13/21,Pdarw_6_28C,6,2,Pdarw,28,13:46:07,14:10:08,Dark,Pdarw_6,671,1.006,0
6/13/21,Pdarw_6_30C,6,2,Pdarw,30,14:41:47,14:58:37,Dark,Pdarw_6,671,1.006,0
6/13/21,Pdarw_6_32C,6,2,Pdarw,32,15:34:01,15:48:30,Dark,Pdarw_6,671,1.006,0
6/13/21,Pdarw_6_34C,6,2,Pdarw,34,16:56:34,17:13:17,Dark,Pdarw_6,671,1.006,0
6/13/21,Pdarw_6_36C,6,2,Pdarw,36,17:47:49,18:04:06,Dark,Pdarw_6,671,1.006,0
6/13/21,Pdarw_7_20C,7,2,Pdarw,20,10:28:14,11:06:46,Dark,Pdarw_7,671,0.994,0
6/13/21,Pdarw_7_24C,7,2,Pdarw,24,12:22:39,12:58:02,Dark,Pdarw_7,671,0.994,0
6/13/21,Pdarw_7_28C,7,2,Pdarw,28,13:46:10,14:10:11,Dark,Pdarw_7,671,0.994,0
6/13/21,Pdarw_7_30C,7,2,Pdarw,30,14:42:00,14:58:39,Dark,Pdarw_7,671,0.994,0
6/13/21,Pdarw_7_32C,7,2,Pdarw,32,15:34:04,15:48:36,Dark,Pdarw_7,671,0.994,0
6/13/21,Pdarw_7_34C,7,2,Pdarw,34,16:56:38,17:13:20,Dark,Pdarw_7,671,0.994,0
6/13/21,Pdarw_7_36C,7,2,Pdarw,36,17:47:51,18:04:09,Dark,Pdarw_7,671,0.994,0
6/13/21,Pdarw_9_20C,9,2,Pdarw,20,10:28:18,11:06:51,Dark,Pdarw_9,670,1.041,0
6/13/21,Pdarw_9_24C,9,2,Pdarw,24,12:22:23,12:58:07,Dark,Pdarw_9,670,1.041,0
6/13/21,Pdarw_9_28C,9,2,Pdarw,28,13:46:15,14:10:21,Dark,Pdarw_9,670,1.041,0
6/13/21,Pdarw_9_30C,9,2,Pdarw,30,14:41:56,14:58:45,Dark,Pdarw_9,670,1.041,0
6/13/21,Pdarw_9_32C,9,2,Pdarw,32,15:34:40,15:48:42,Dark,Pdarw_9,670,1.041,0
6/13/21,Pdarw_9_34C,9,2,Pdarw,34,16:57:00,17:13:35,Dark,Pdarw_9,670,1.041,0
6/13/21,Pdarw_9_36C,9,2,Pdarw,36,17:47:56,18:04:15,Dark,Pdarw_9,670,1.041,0
6/13/21,Pdarw_10_20C,10,2,Pdarw,20,10:28:20,11:06:53,Dark,Pdarw_10,670,0.914,0
6/13/21,Pdarw_10_24C,10,2,Pdarw,24,12:22:26,12:58:09,Dark,Pdarw_10,670,0.914,0
6/13/21,Pdarw_10_28C,10,2,Pdarw,28,13:46:18,14:10:24,Dark,Pdarw_10,670,0.914,0
6/13/21,Pdarw_10_30C,10,2,Pdarw,30,14:41:58,14:58:48,Dark,Pdarw_10,670,0.914,0
6/13/21,Pdarw_10_32C,10,2,Pdarw,32,15:32:10,15:48:45,Dark,Pdarw_10,670,0.914,0
6/13/21,Pdarw_10_34C,10,2,Pdarw,34,16:57:03,17:13:37,Dark,Pdarw_10,670,0.914,0
6/13/21,Pdarw_10_36C,10,2,Pdarw,36,17:47:59,18:04:17,Dark,Pdarw_10,670,0.914,0
6/13/21,PdarwBk_8_20C,8,2,Pdarw,20,10:28:16,11:06:48,Dark,PdarwBk_8,680,0,1
6/13/21,PdarwBk_8_24C,8,2,Pdarw,24,12:22:25,12:58:04,Dark,PdarwBk_8,680,0,1
6/13/21,PdarwBk_8_28C,8,2,Pdarw,28,13:46:12,14:10:18,Dark,PdarwBk_8,680,0,1
6/13/21,PdarwBk_8_30C,8,2,Pdarw,30,14:41:52,14:58:42,Dark,PdarwBk_8,680,0,1
6/13/21,PdarwBk_8_32C,8,2,Pdarw,32,15:34:08,15:48:39,Dark,PdarwBk_8,680,0,1
6/13/21,PdarwBk_8_34C,8,2,Pdarw,34,17:04:33,17:13:24,Dark,PdarwBk_8,680,0,1
6/13/21,PdarwBk_8_36C,8,2,Pdarw,36,17:51:23,18:04:12,Dark,PdarwBk_8,680,0,1
6/24/21,Tcocc_1_20C,1,3,Tcocc,20,8:23:39,8:46:30,Dark,Tcocc_1,645,2.003,0
6/24/21,Tcocc_1_24C,1,3,Tcocc,24,10:24:59,10:35:43,Dark,Tcocc_1,645,2.003,0
6/24/21,Tcocc_1_28C,1,3,Tcocc,28,11:14:52,11:23:54,Dark,Tcocc_1,645,2.003,0
6/24/21,Tcocc_1_30C,1,3,Tcocc,30,12:17:22,12:26:03,Dark,Tcocc_1,645,2.003,0
6/24/21,Tcocc_1_32C,1,3,Tcocc,32,12:57:03,13:07:54,Dark,Tcocc_1,645,2.003,0
6/24/21,Tcocc_1_34C,1,3,Tcocc,34,14:15:04,14:24:54,Dark,Tcocc_1,645,2.003,0
6/24/21,Tcocc_1_36C,1,3,Tcocc,36,15:35:29,15:44:52,Dark,Tcocc_1,645,2.003,0
6/24/21,Tcocc_1_38C,1,3,Tcocc,38,16:28:40,16:36:33,Dark,Tcocc_1,645,2.003,0
6/24/21,Tcocc_2_20C,2,3,Tcocc,20,8:24:00,8:46:32,Dark,Tcocc_2,645,2.012,0
6/24/21,Tcocc_2_24C,2,3,Tcocc,24,10:25:01,10:35:47,Dark,Tcocc_2,645,2.012,0
6/24/21,Tcocc_2_28C,2,3,Tcocc,28,11:14:55,11:23:57,Dark,Tcocc_2,645,2.012,0
6/24/21,Tcocc_2_30C,2,3,Tcocc,30,12:17:34,12:26:09,Dark,Tcocc_2,645,2.012,0
6/24/21,Tcocc_2_32C,2,3,Tcocc,32,12:57:09,13:07:56,Dark,Tcocc_2,645,2.012,0
6/24/21,Tcocc_2_34C,2,3,Tcocc,34,14:15:59,14:24:56,Dark,Tcocc_2,645,2.012,0
6/24/21,Tcocc_2_36C,2,3,Tcocc,36,15:37:47,15:44:56,Dark,Tcocc_2,645,2.012,0
6/24/21,Tcocc_2_38C,2,3,Tcocc,38,16:28:43,16:36:41,Dark,Tcocc_2,645,2.012,0
6/24/21,Tcocc_3_20C,3,3,Tcocc,20,8:23:43,8:46:35,Dark,Tcocc_3,645,2.41,0
6/24/21,Tcocc_3_24C,3,3,Tcocc,24,10:25:03,10:35:50,Dark,Tcocc_3,645,2.41,0
6/24/21,Tcocc_3_28C,3,3,Tcocc,28,11:15:48,11:24:00,Dark,Tcocc_3,645,2.41,0
6/24/21,Tcocc_3_30C,3,3,Tcocc,30,12:17:17,12:26:10,Dark,Tcocc_3,645,2.41,0
6/24/21,Tcocc_3_32C,3,3,Tcocc,32,12:56:42,13:08:00,Dark,Tcocc_3,645,2.41,0
6/24/21,Tcocc_3_34C,3,3,Tcocc,34,14:15:30,14:25:00,Dark,Tcocc_3,645,2.41,0
6/24/21,Tcocc_3_36C,3,3,Tcocc,36,15:35:37,15:45:02,Dark,Tcocc_3,645,2.41,0
6/24/21,Tcocc_3_38C,3,3,Tcocc,38,16:28:46,16:36:44,Dark,Tcocc_3,645,2.41,0
6/24/21,Tcocc_5_20C,5,3,Tcocc,20,8:23:47,8:46:40,Dark,Tcocc_5,650,2.057,0
6/24/21,Tcocc_5_24C,5,3,Tcocc,24,10:25:07,10:35:56,Dark,Tcocc_5,650,2.057,0
6/24/21,Tcocc_5_28C,5,3,Tcocc,28,11:15:02,11:24:05,Dark,Tcocc_5,650,2.057,0
6/24/21,Tcocc_5_30C,5,3,Tcocc,30,12:17:54,12:26:16,Dark,Tcocc_5,650,2.057,0
6/24/21,Tcocc_5_32C,5,3,Tcocc,32,12:57:49,13:08:08,Dark,Tcocc_5,650,2.057,0
6/24/21,Tcocc_5_34C,5,3,Tcocc,34,14:15:52,14:25:07,Dark,Tcocc_5,650,2.057,0
6/24/21,Tcocc_5_36C,5,3,Tcocc,36,15:35:42,15:45:08,Dark,Tcocc_5,650,2.057,0
6/24/21,Tcocc_5_38C,5,3,Tcocc,38,16:28:52,16:36:52,Dark,Tcocc_5,650,2.057,0
6/24/21,Tcocc_6_20C,6,3,Tcocc,20,8:23:49,8:46:43,Dark,Tcocc_6,640,2.251,0
6/24/21,Tcocc_6_24C,6,3,Tcocc,24,10:25:09,10:35:59,Dark,Tcocc_6,640,2.251,0
6/24/21,Tcocc_6_28C,6,3,Tcocc,28,11:15:05,11:24:08,Dark,Tcocc_6,640,2.251,0
6/24/21,Tcocc_6_30C,6,3,Tcocc,30,12:18:27,12:26:18,Dark,Tcocc_6,640,2.251,0
6/24/21,Tcocc_6_32C,6,3,Tcocc,32,12:58:23,13:08:13,Dark,Tcocc_6,640,2.251,0
6/24/21,Tcocc_6_34C,6,3,Tcocc,34,14:16:05,14:25:09,Dark,Tcocc_6,640,2.251,0
6/24/21,Tcocc_6_36C,6,3,Tcocc,36,15:36:07,15:45:12,Dark,Tcocc_6,640,2.251,0
6/24/21,Tcocc_6_38C,6,3,Tcocc,38,16:28:54,16:36:56,Dark,Tcocc_6,640,2.251,0
6/24/21,Tcocc_7_20C,7,3,Tcocc,20,8:23:51,8:46:46,Dark,Tcocc_7,650,2.02,0
6/24/21,Tcocc_7_24C,7,3,Tcocc,24,10:25:20,10:36:03,Dark,Tcocc_7,650,2.02,0
6/24/21,Tcocc_7_28C,7,3,Tcocc,28,11:15:07,11:24:11,Dark,Tcocc_7,650,2.02,0
6/24/21,Tcocc_7_30C,7,3,Tcocc,30,12:17:28,12:26:21,Dark,Tcocc_7,650,2.02,0
6/24/21,Tcocc_7_32C,7,3,Tcocc,32,12:57:21,13:08:17,Dark,Tcocc_7,650,2.02,0
6/24/21,Tcocc_7_34C,7,3,Tcocc,34,14:15:27,14:25:12,Dark,Tcocc_7,650,2.02,0
6/24/21,Tcocc_7_36C,7,3,Tcocc,36,15:35:47,15:44:28,Dark,Tcocc_7,650,2.02,0
6/24/21,Tcocc_7_38C,7,3,Tcocc,38,16:28:57,16:37:01,Dark,Tcocc_7,650,2.02,0
6/24/21,Tcocc_8_20C,8,3,Tcocc,20,8:23:54,8:46:49,Dark,Tcocc_8,660,1.446,0
6/24/21,Tcocc_8_24C,8,3,Tcocc,24,10:25:22,10:36:05,Dark,Tcocc_8,660,1.446,0
6/24/21,Tcocc_8_28C,8,3,Tcocc,28,11:15:10,11:24:14,Dark,Tcocc_8,660,1.446,0
6/24/21,Tcocc_8_30C,8,3,Tcocc,30,12:17:31,12:26:25,Dark,Tcocc_8,660,1.446,0
6/24/21,Tcocc_8_32C,8,3,Tcocc,32,12:57:22,13:08:22,Dark,Tcocc_8,660,1.446,0
6/24/21,Tcocc_8_34C,8,3,Tcocc,34,14:15:18,14:25:15,Dark,Tcocc_8,660,1.446,0
6/24/21,Tcocc_8_36C,8,3,Tcocc,36,15:36:17,15:45:19,Dark,Tcocc_8,660,1.446,0
6/24/21,Tcocc_8_38C,8,3,Tcocc,38,16:29:00,16:37:05,Dark,Tcocc_8,660,1.446,0
6/24/21,Tcocc_9_20C,9,3,Tcocc,20,8:23:57,8:46:51,Dark,Tcocc_9,625,3.909,0
6/24/21,Tcocc_9_24C,9,3,Tcocc,24,10:25:24,10:36:08,Dark,Tcocc_9,625,3.909,0
6/24/21,Tcocc_9_28C,9,3,Tcocc,28,11:15:13,11:24:17,Dark,Tcocc_9,625,3.909,0
6/24/21,Tcocc_9_30C,9,3,Tcocc,30,12:17:35,12:26:28,Dark,Tcocc_9,625,3.909,0
6/24/21,Tcocc_9_32C,9,3,Tcocc,32,12:56:55,13:08:25,Dark,Tcocc_9,625,3.909,0
6/24/21,Tcocc_9_34C,9,3,Tcocc,34,14:14:40,14:25:18,Dark,Tcocc_9,625,3.909,0
6/24/21,Tcocc_9_36C,9,3,Tcocc,36,15:35:53,15:45:22,Dark,Tcocc_9,625,3.909,0
6/24/21,Tcocc_9_38C,9,3,Tcocc,38,16:29:03,16:37:08,Dark,Tcocc_9,625,3.909,0
6/24/21,Tcocc_10_20C,10,3,Tcocc,20,8:23:59,8:46:54,Dark,Tcocc_10,657,1.887,0
6/24/21,Tcocc_10_24C,10,3,Tcocc,24,10:25:27,10:36:11,Dark,Tcocc_10,657,1.887,0
6/24/21,Tcocc_10_28C,10,3,Tcocc,28,11:15:16,11:24:20,Dark,Tcocc_10,657,1.887,0
6/24/21,Tcocc_10_30C,10,3,Tcocc,30,12:17:38,12:26:30,Dark,Tcocc_10,657,1.887,0
6/24/21,Tcocc_10_32C,10,3,Tcocc,32,12:56:57,13:08:30,Dark,Tcocc_10,657,1.887,0
6/24/21,Tcocc_10_34C,10,3,Tcocc,34,14:15:16,14:25:21,Dark,Tcocc_10,657,1.887,0
6/24/21,Tcocc_10_36C,10,3,Tcocc,36,15:35:56,15:45:25,Dark,Tcocc_10,657,1.887,0
6/24/21,Tcocc_10_38C,10,3,Tcocc,38,16:29:05,16:37:12,Dark,Tcocc_10,657,1.887,0
6/24/21,TcoccBk_4_20C,4,3,Tcocc,20,8:23:49,8:46:38,Dark,TcoccBk_4,680,0,1
6/24/21,TcoccBk_4_24C,4,3,Tcocc,24,10:26:01,10:35:53,Dark,TcoccBk_4,680,0,1
6/24/21,TcoccBk_4_28C,4,3,Tcocc,28,11:14:59,11:24:02,Dark,TcoccBk_4,680,0,1
6/24/21,TcoccBk_4_30C,4,3,Tcocc,30,12:17:55,12:26:13,Dark,TcoccBk_4,680,0,1
6/24/21,TcoccBk_4_32C,4,3,Tcocc,32,12:57:44,13:08:03,Dark,TcoccBk_4,680,0,1
6/24/21,TcoccBk_4_34C,4,3,Tcocc,34,14:15:45,14:25:03,Dark,TcoccBk_4,680,0,1
6/24/21,TcoccBk_4_36C,4,3,Tcocc,36,15:36:23,15:45:05,Dark,TcoccBk_4,680,0,1
6/24/21,TcoccBk_4_38C,4,3,Tcocc,38,16:29:04,16:36:49,Dark,TcoccBk_4,680,0,1
6/25/21,Bgran_1_20C,1,4,Bgran,20,9:03:01,9:58:15,Dark,Bgran_1,655,0.412,0
6/25/21,Bgran_1_24C,1,4,Bgran,24,10:28:52,11:21:54,Dark,Bgran_1,655,0.412,0
6/25/21,Bgran_1_28C,1,4,Bgran,28,12:16:12,13:02:51,Dark,Bgran_1,655,0.412,0
6/25/21,Bgran_1_30C,1,4,Bgran,30,13:38:53,14:18:37,Dark,Bgran_1,655,0.412,0
6/25/21,Bgran_1_32C,1,4,Bgran,32,15:03:44,15:28:04,Dark,Bgran_1,655,0.412,0
6/25/21,Bgran_1_34C,1,4,Bgran,34,15:55:04,16:16:22,Dark,Bgran_1,655,0.412,0
6/25/21,Bgran_1_36C,1,4,Bgran,36,16:48:14,17:12:11,Dark,Bgran_1,655,0.412,0
6/25/21,Bgran_2_20C,2,4,Bgran,20,9:01:32,9:58:17,Dark,Bgran_2,650,0.217,0
6/25/21,Bgran_2_24C,2,4,Bgran,24,10:29:21,11:21:57,Dark,Bgran_2,650,0.217,0
6/25/21,Bgran_2_28C,2,4,Bgran,28,12:16:08,13:02:53,Dark,Bgran_2,650,0.217,0
6/25/21,Bgran_2_30C,2,4,Bgran,30,13:39:00,14:18:47,Dark,Bgran_2,650,0.217,0
6/25/21,Bgran_2_32C,2,4,Bgran,32,15:03:06,15:28:08,Dark,Bgran_2,650,0.217,0
6/25/21,Bgran_2_34C,2,4,Bgran,34,15:54:17,16:16:25,Dark,Bgran_2,650,0.217,0
6/25/21,Bgran_2_36C,2,4,Bgran,36,16:48:14,17:12:14,Dark,Bgran_2,650,0.217,0
6/25/21,Bgran_3_20C,3,4,Bgran,20,9:01:35,9:58:22,Dark,Bgran_3,650,0.528,0
6/25/21,Bgran_3_24C,3,4,Bgran,24,10:27:43,11:22:00,Dark,Bgran_3,650,0.528,0
6/25/21,Bgran_3_28C,3,4,Bgran,28,12:15:03,13:02:55,Dark,Bgran_3,650,0.528,0
6/25/21,Bgran_3_30C,3,4,Bgran,30,13:39:00,14:18:49,Dark,Bgran_3,650,0.528,0
6/25/21,Bgran_3_32C,3,4,Bgran,32,15:03:10,15:28:11,Dark,Bgran_3,650,0.528,0
6/25/21,Bgran_3_34C,3,4,Bgran,34,15:54:20,16:16:28,Dark,Bgran_3,650,0.528,0
6/25/21,Bgran_3_36C,3,4,Bgran,36,16:47:02,17:12:20,Dark,Bgran_3,650,0.528,0
6/25/21,Bgran_4_20C,4,4,Bgran,20,9:01:37,9:58:24,Dark,Bgran_4,645,0.525,0
6/25/21,Bgran_4_24C,4,4,Bgran,24,10:29:53,11:22:03,Dark,Bgran_4,645,0.525,0
6/25/21,Bgran_4_28C,4,4,Bgran,28,12:16:17,13:02:57,Dark,Bgran_4,645,0.525,0
6/25/21,Bgran_4_30C,4,4,Bgran,30,13:39:07,14:18:52,Dark,Bgran_4,645,0.525,0
6/25/21,Bgran_4_32C,4,4,Bgran,32,15:03:14,15:28:15,Dark,Bgran_4,645,0.525,0
6/25/21,Bgran_4_34C,4,4,Bgran,34,15:54:24,16:16:31,Dark,Bgran_4,645,0.525,0
6/25/21,Bgran_4_36C,4,4,Bgran,36,16:47:05,17:12:24,Dark,Bgran_4,645,0.525,0
6/25/21,Bgran_6_20C,6,4,Bgran,20,9:01:43,9:58:29,Dark,Bgran_6,630,0.685,0
6/25/21,Bgran_6_24C,6,4,Bgran,24,10:28:26,11:22:07,Dark,Bgran_6,630,0.685,0
6/25/21,Bgran_6_28C,6,4,Bgran,28,12:15:11,13:03:03,Dark,Bgran_6,630,0.685,0
6/25/21,Bgran_6_30C,6,4,Bgran,30,13:39:18,14:18:57,Dark,Bgran_6,630,0.685,0
6/25/21,Bgran_6_32C,6,4,Bgran,32,15:04:42,15:28:22,Dark,Bgran_6,630,0.685,0
6/25/21,Bgran_6_34C,6,4,Bgran,34,15:58:44,16:16:38,Dark,Bgran_6,630,0.685,0
6/25/21,Bgran_6_36C,6,4,Bgran,36,16:47:11,17:12:32,Dark,Bgran_6,630,0.685,0
6/25/21,Bgran_7_20C,7,4,Bgran,20,9:03:14,9:58:32,Dark,Bgran_7,635,0.483,0
6/25/21,Bgran_7_24C,7,4,Bgran,24,10:28:28,11:22:10,Dark,Bgran_7,635,0.483,0
6/25/21,Bgran_7_28C,7,4,Bgran,28,12:15:14,13:03:06,Dark,Bgran_7,635,0.483,0
6/25/21,Bgran_7_30C,7,4,Bgran,30,13:39:21,14:19:01,Dark,Bgran_7,635,0.483,0
6/25/21,Bgran_7_32C,7,4,Bgran,32,15:04:18,15:28:27,Dark,Bgran_7,635,0.483,0
6/25/21,Bgran_7_34C,7,4,Bgran,34,15:55:37,16:16:41,Dark,Bgran_7,635,0.483,0
6/25/21,Bgran_7_36C,7,4,Bgran,36,16:47:14,17:12:37,Dark,Bgran_7,635,0.483,0
6/25/21,Bgran_8_20C,8,4,Bgran,20,9:01:48,9:49:54,Dark,Bgran_8,625,0.258,0
6/25/21,Bgran_8_24C,8,4,Bgran,24,10:28:30,11:22:12,Dark,Bgran_8,625,0.258,0
6/25/21,Bgran_8_28C,8,4,Bgran,28,12:34:19,13:03:09,Dark,Bgran_8,625,0.258,0
6/25/21,Bgran_8_30C,8,4,Bgran,30,13:39:26,14:19:04,Dark,Bgran_8,625,0.258,0
6/25/21,Bgran_8_32C,8,4,Bgran,32,15:09:44,15:28:33,Dark,Bgran_8,625,0.258,0
6/25/21,Bgran_8_34C,8,4,Bgran,34,15:55:38,16:16:42,Dark,Bgran_8,625,0.258,0
6/25/21,Bgran_8_36C,8,4,Bgran,36,16:47:17,17:12:41,Dark,Bgran_8,625,0.258,0
6/25/21,Bgran_9_20C,9,4,Bgran,20,9:01:51,9:58:37,Dark,Bgran_9,640,0.838,0
6/25/21,Bgran_9_24C,9,4,Bgran,24,10:28:33,11:22:15,Dark,Bgran_9,640,0.838,0
6/25/21,Bgran_9_28C,9,4,Bgran,28,12:15:21,13:03:12,Dark,Bgran_9,640,0.838,0
6/25/21,Bgran_9_30C,9,4,Bgran,30,13:39:32,14:19:08,Dark,Bgran_9,640,0.838,0
6/25/21,Bgran_9_32C,9,4,Bgran,32,15:03:32,15:28:37,Dark,Bgran_9,640,0.838,0
6/25/21,Bgran_9_34C,9,4,Bgran,34,15:54:37,16:16:40,Dark,Bgran_9,640,0.838,0
6/25/21,Bgran_9_36C,9,4,Bgran,36,16:47:20,17:12:46,Dark,Bgran_9,640,0.838,0
6/25/21,Bgran_10_20C,10,4,Bgran,20,9:01:53,9:58:40,Dark,Bgran_10,640,0.428,0
6/25/21,Bgran_10_24C,10,4,Bgran,24,10:28:35,11:22:18,Dark,Bgran_10,640,0.428,0
6/25/21,Bgran_10_28C,10,4,Bgran,28,12:15:25,13:03:15,Dark,Bgran_10,640,0.428,0
6/25/21,Bgran_10_30C,10,4,Bgran,30,13:39:50,14:19:11,Dark,Bgran_10,640,0.428,0
6/25/21,Bgran_10_32C,10,4,Bgran,32,15:03:36,15:28:41,Dark,Bgran_10,640,0.428,0
6/25/21,Bgran_10_34C,10,4,Bgran,34,15:54:41,16:16:49,Dark,Bgran_10,640,0.428,0
6/25/21,Bgran_10_36C,10,4,Bgran,36,16:47:23,17:12:50,Dark,Bgran_10,640,0.428,0
6/25/21,BgranBk_5_20C,5,4,Bgran,20,9:01:40,9:58:27,Dark,BgranBk_5,680,0,1
6/25/21,BgranBk_5_24C,5,4,Bgran,24,10:29:56,11:22:05,Dark,BgranBk_5,680,0,1
6/25/21,BgranBk_5_28C,5,4,Bgran,28,12:15:08,13:03:00,Dark,BgranBk_5,680,0,1
6/25/21,BgranBk_5_30C,5,4,Bgran,30,13:39:11,14:18:55,Dark,BgranBk_5,680,0,1
6/25/21,BgranBk_5_32C,5,4,Bgran,32,15:03:37,15:28:19,Dark,BgranBk_5,680,0,1
6/25/21,BgranBk_5_34C,5,4,Bgran,34,15:54:25,16:16:35,Dark,BgranBk_5,680,0,1
6/25/21,BgranBk_5_36C,5,4,Bgran,36,16:47:08,17:12:29,Dark,BgranBk_5,680,0,1